 ,roi,x,y,Free_Edge_raw,Free_Edge_rawum,Base_raw,Base_rawum,Base_normalized,Ventricular_side_raw,Ventricular_side_rawum,Atrial_Side_raw,Atrial_Side_rawum,Atrial_Side_normalized,totalsurface,totalsurfaceum
1,1,854.14822,670.72812,803.41119,732.73855,1299.15401,1184.87301,19.75765,391.14883,356.74114,257.06762,234.45448,19.66673,119380.04435,99301.10291
2,2,854.14822,670.72812,803.41119,732.73855,1299.15401,1184.87301,19.75765,391.14883,356.74114,257.06762,234.45448,19.66673,119380.04435,99301.10291
